bytes,path,codec,width,height,duration_s,bitrate,audio,pages
34522935,commercial/video/clara-1.mp4,h264,1080,1920,20.000000,13809174,aac,commercial/clara-luciani.html 
31546145,commercial/video/posters-v1.mp4,h264,1080,1080,60.010000,4205451,aac,commercial/posters.html 
31277160,commercial/video/hypertrash-v1.mp4,h264,1080,1920,24.016667,10418484,aac,commercial/hypertrash.html 
30675378,commercial/video/horosoaps-v1.mp4,h264,1080,1920,21.920000,11195393,aac,commercial/horosoaps.html 
30296062,commercial/video/posters-v2.mp4,h264,1080,1080,60.010000,4038801,aac,commercial/posters.html 
25534247,review/nothing/phone/hq.mp4,h264,1080,1920,12.100000,16882146,noaudio,review/nothing/index.html 
24114174,commercial/video/loewe-xmas-1.mp4,h264,1080,1920,17.000000,11347846,aac,commercial/loewe-christmas.html 
24091204,commercial/video/loewe-owl-p.mp4,h264,1200,1500,16.920000,11390640,aac,commercial/loewe-christmas.html 
23941416,commercial/video/horosoaps-v3.mp4,h264,1080,1920,17.280000,11083988,aac,commercial/horosoaps.html 
23145663,commercial/video/horosoaps-3.mp4,h264,1920,1080,17.300000,10703196,aac,commercial/horosoaps.html 
22038671,commercial/video/shr-1.mp4,h264,1920,1080,32.240000,5468652,aac,commercial/sacred-hyper-race.html 
21733615,commercial/video/loewe-ww-v1.mp4,h264,1080,1920,15.000000,11591261,aac,commercial/loewe-ss22.html 
21670589,commercial/video/loewe-ww-1.mp4,h264,1920,1080,15.000000,11557647,aac,commercial/loewe-ss22.html 
21580184,commercial/video/loewe-ww-2.mp4,h264,1200,1500,15.000000,11509431,aac,commercial/loewe-ss22.html 
20262030,commercial/video/loewe-mw-p1.mp4,h264,1200,1500,14.880000,10893564,aac,commercial/loewe-ss22.html 
20063938,commercial/video/loewe-mw-v1.mp4,h264,1080,1920,14.840000,10816139,aac,commercial/loewe-ss22.html 
20026493,commercial/video/loewe-mw-h1.mp4,h264,1920,1080,14.920000,10738065,aac,commercial/loewe-ss22.html 
19579969,commercial/video/loewe-sky-1.mp4,h264,1920,1080,13.960000,11220612,aac,commercial/loewe-ss22.html 
19390307,commercial/video/loewe-soap-v.mp4,h264,1620,2880,15.000000,10341497,aac,commercial/loewe-christmas.html 
19338881,commercial/video/loewe-soap-p.mp4,h264,2250,3000,15.000000,10314069,aac,commercial/loewe-christmas.html 
18823215,commercial/video/loewe-sky-v1.mp4,h264,1080,1920,13.960000,10786942,aac,commercial/loewe-ss22.html 
18014550,commercial/video/loewe-sky-p1.mp4,h264,1200,1500,13.960000,10323524,aac,commercial/loewe-ss22.html 
17987376,commercial/video/hennessy-1.mp4,h264,1920,1080,13.800000,10427464,aac,commercial/hennessy.html 
17351054,commercial/video/loewe-xmas-2.mp4,h264,2250,3000,15.000000,9253895,aac,commercial/loewe-christmas.html 
17259908,commercial/video/loewe-candles-v.mp4,h264,1620,2880,15.000000,9205284,aac,commercial/loewe-christmas.html 
15816029,commercial/video/nina-ricci-v2.mp4,h264,1080,1920,12.600000,10041923,aac,commercial/nina-ricci.html 
15645605,commercial/video/nina-ricci-2.mp4,h264,1920,1080,12.640000,9902281,aac,commercial/nina-ricci.html 
14658017,commercial/video/nina-ricci-1.mp4,h264,1920,1080,11.666667,10051211,aac,commercial/nina-ricci.html 
14635340,commercial/video/horosoaps-v2.mp4,h264,1080,1920,11.366667,10300532,aac,commercial/horosoaps.html 
14346874,commercial/video/hennessy-v1.mp4,h264,1080,1920,11.400000,10067981,aac,commercial/hennessy.html 
14247737,video/2050-2.mp4,h264,720,1280,15.280000,7459548,aac,index.html 
14089058,commercial/video/nina-ricci-v1.mp4,h264,1080,1920,10.900000,10340593,aac,commercial/nina-ricci.html 
12688840,review/nothing/earbuds/preview.mp4,h264,544,960,12.533300,8099281,noaudio,review/nothing/index.html 
11649751,video/2050-1.mp4,h264,1280,720,12.343333,7550473,aac,index.html 
11515365,commercial/video/nina-ricci-v3.mp4,h264,1080,1920,8.633333,10670608,aac,commercial/nina-ricci.html 
11118706,video/2050-5.mp4,h264,720,1280,11.776667,7553040,aac,index.html 
11040160,video/2050-4.mp4,h264,720,1280,11.708333,7543454,aac,index.html 
11022418,review/nothing/headphones/camera.mp4,h264,352,600,15.040000,5862988,noaudio,review/nothing/index.html 
10898410,video/2050-3.mp4,h264,720,1280,11.610000,7509670,aac,index.html 
10552765,commercial/video/nina-ricci-3.mp4,h264,1920,1080,8.000000,10552765,aac,commercial/nina-ricci.html 
9952201,commercial/video/nina-ricci-v4.mp4,h264,1080,1920,7.320000,10876722,aac,commercial/nina-ricci.html 
9944061,commercial/video/nina-ricci-4.mp4,h264,1920,1080,7.280000,10927539,aac,commercial/nina-ricci.html 
9846679,commercial/video/loewe-mw-1.mp4,h264,640,800,45.068435,1747862,aac,commercial/loewe-ss22.html 
7708985,commercial/video/loewe-frag-v.mp4,h264,1620,2880,6.266667,9841256,aac,commercial/loewe-christmas.html 
7414778,commercial/video/hypertrash-v8.mp4,h264,1440,1440,10.041667,5907208,aac,commercial/hypertrash.html 
7269521,commercial/video/loewe-frag-p.mp4,h264,2250,3000,6.166667,9430729,aac,commercial/loewe-christmas.html 
6529580,commercial/video/hypertrash-v7.mp4,h264,1180,1756,10.041667,5201988,aac,commercial/hypertrash.html 
6396273,commercial/video/hypertrash-v10.mp4,h264,1228,1688,5.041667,10149457,noaudio,commercial/hypertrash.html 
6279964,commercial/video/hypertrash-v4.mp4,h264,974,1920,5.085011,9879961,aac,commercial/hypertrash.html 
5995307,commercial/video/carolina-nft.mp4,h264,1920,1920,4.333333,11068259,aac,commercial/carolina-sarria.html 
4265986,commercial/video/hypertrash-v2.mp4,h264,1288,1608,5.041667,6769167,noaudio,commercial/hypertrash.html 
3736630,commercial/video/hypertrash-v5.mp4,h264,1176,1760,5.041667,5929197,aac,commercial/hypertrash.html 
3497178,commercial/video/hypertrash-v9.mp4,h264,1228,1684,5.041667,5549240,aac,commercial/hypertrash.html 
3106217,commercial/video/hypertrash-v3.mp4,h264,974,1920,5.061995,4909079,aac,commercial/hypertrash.html 
2809532,commercial/video/hypertrash-v6.mp4,h264,1180,1756,5.041667,4458100,aac,commercial/hypertrash.html 
2727809,commercial/video/vgy-1.mp4,h264,1280,720,8.341333,2616185,aac,commercial/virtual-gap-year.html 
1439411,commercial/video/loewe-ww-3.mp4,h264,720,900,15.145000,760335,aac,commercial/loewe-ss22.html 
